Alfa Romeo;car
Alpina;car
Artega;car
Aston Martin;car
Audi;car
Bentley;car
BMW;car
Bugatti;car
Buick;car
Cadillac;car
Chevrolet;car
Chrysler;car
Citroen;car
Dacia;car
Daihatsu;car
Denza;car
Dodge;car
Ferrari;car
Fiat;car
Fisker;car
Ford;car
Gumpert;car
Honda;car
Hummer;car
Hyundai;car
Infiniti;car
Jaguar;car
Jeep;car
Kia;car
Koenigsegg;car
Lada;car
Lamborghini;car
Lancia;car
Land Rover;car
Lexus;car
Lotus;car
Maserati;car
Maybach;car
Mazda;car
McLaren;car
Mercedes;car
Mini;car
Mitsubishi;car
Morgan;car
Nissan;car
Opel;car
Pagani;car
Peugeot;car
Porsche;car
Renault;car
Rolls-Royce;car
Ruf;car
Saab;car
Seat;car
Skoda;car
Smart;car
SsangYong;car
Subaru;car
Suzuki;car
Tesla;car
Toyota;car
Volvo;car
VW;car
Wiesmann;car